,danceability,energy,key,loudness,mode,speechiness,acousticness,instrumentalness,liveness,valence,tempo,type,id,uri,track_href,analysis_url,duration_ms,time_signature
0,0.359,0.362,7,-7.414,1,0.0276,0.815,0.0,0.313,0.382,92.18,audio_features,682XjN6L1Qhs5rXbuGSQKK,spotify:track:682XjN6L1Qhs5rXbuGSQKK,https://api.spotify.com/v1/tracks/682XjN6L1Qhs5rXbuGSQKK,https://api.spotify.com/v1/audio-analysis/682XjN6L1Qhs5rXbuGSQKK,390387,4
1,0.745,0.677,1,-5.355,1,0.215,0.181,0.0,0.0895,0.72,97.092,audio_features,08XnGAqrSwqr08vJ0t4py8,spotify:track:08XnGAqrSwqr08vJ0t4py8,https://api.spotify.com/v1/tracks/08XnGAqrSwqr08vJ0t4py8,https://api.spotify.com/v1/audio-analysis/08XnGAqrSwqr08vJ0t4py8,251258,4
2,0.666,0.601,1,-9.292,1,0.0625,0.34,0.0,0.0721,0.715,87.054,audio_features,0GE70xsmyUcK5ujFwqF90U,spotify:track:0GE70xsmyUcK5ujFwqF90U,https://api.spotify.com/v1/tracks/0GE70xsmyUcK5ujFwqF90U,https://api.spotify.com/v1/audio-analysis/0GE70xsmyUcK5ujFwqF90U,311063,4
3,0.557,0.746,8,-6.783,1,0.0306,0.0144,0.0,0.252,0.327,103.492,audio_features,0nSrUpDjFouhaQB7dOi0h7,spotify:track:0nSrUpDjFouhaQB7dOi0h7,https://api.spotify.com/v1/tracks/0nSrUpDjFouhaQB7dOi0h7,https://api.spotify.com/v1/audio-analysis/0nSrUpDjFouhaQB7dOi0h7,441547,4
4,0.329,0.557,6,-6.952,1,0.0433,0.0453,1.25e-05,0.166,0.218,90.022,audio_features,14iF9JDX0AOxkoa8BL2WYB,spotify:track:14iF9JDX0AOxkoa8BL2WYB,https://api.spotify.com/v1/tracks/14iF9JDX0AOxkoa8BL2WYB,https://api.spotify.com/v1/audio-analysis/14iF9JDX0AOxkoa8BL2WYB,366320,4
5,0.671,0.423,0,-9.992,0,0.0749,0.185,0.000255,0.0987,0.409,155.941,audio_features,37llIA4HTMvM3IvZUVbbC0,spotify:track:37llIA4HTMvM3IvZUVbbC0,https://api.spotify.com/v1/tracks/37llIA4HTMvM3IvZUVbbC0,https://api.spotify.com/v1/audio-analysis/37llIA4HTMvM3IvZUVbbC0,275583,4
6,0.629,0.624,9,-4.975,0,0.0745,0.12,0.0,0.203,0.73,140.042,audio_features,5Vr9WTLcbpKRkQGvVen13W,spotify:track:5Vr9WTLcbpKRkQGvVen13W,https://api.spotify.com/v1/tracks/5Vr9WTLcbpKRkQGvVen13W,https://api.spotify.com/v1/audio-analysis/5Vr9WTLcbpKRkQGvVen13W,209062,4
7,0.263,0.587,6,-5.446,1,0.0588,0.134,0.0,0.0989,0.157,173.81,audio_features,0njqt2jPYkAK7zIwSdkFU8,spotify:track:0njqt2jPYkAK7zIwSdkFU8,https://api.spotify.com/v1/tracks/0njqt2jPYkAK7zIwSdkFU8,https://api.spotify.com/v1/audio-analysis/0njqt2jPYkAK7zIwSdkFU8,365191,3
8,0.258,0.238,9,-18.088,1,0.0394,0.995,0.74,0.12,0.188,93.538,audio_features,7MQuTsJqBqNXik5BZwhRZz,spotify:track:7MQuTsJqBqNXik5BZwhRZz,https://api.spotify.com/v1/tracks/7MQuTsJqBqNXik5BZwhRZz,https://api.spotify.com/v1/audio-analysis/7MQuTsJqBqNXik5BZwhRZz,131893,1
9,0.496,0.0181,10,-29.83,1,0.0594,0.993,0.91,0.11,0.239,125.987,audio_features,1WcaoUrB15eLP9icvugZP1,spotify:track:1WcaoUrB15eLP9icvugZP1,https://api.spotify.com/v1/tracks/1WcaoUrB15eLP9icvugZP1,https://api.spotify.com/v1/audio-analysis/1WcaoUrB15eLP9icvugZP1,223842,4
10,0.818,0.721,0,-6.981,0,0.0606,0.125,0.0,0.367,0.858,109.978,audio_features,5KC5XsV0BwYyHJkNqx2C7n,spotify:track:5KC5XsV0BwYyHJkNqx2C7n,https://api.spotify.com/v1/tracks/5KC5XsV0BwYyHJkNqx2C7n,https://api.spotify.com/v1/audio-analysis/5KC5XsV0BwYyHJkNqx2C7n,236340,4
11,0.699,0.85,9,-5.207,1,0.0279,0.0763,0.0,0.424,0.963,119.988,audio_features,7Mp7peyVvUcfjvDg2iRWoT,spotify:track:7Mp7peyVvUcfjvDg2iRWoT,https://api.spotify.com/v1/tracks/7Mp7peyVvUcfjvDg2iRWoT,https://api.spotify.com/v1/audio-analysis/7Mp7peyVvUcfjvDg2iRWoT,237893,4
12,0.475,0.525,8,-6.652,1,0.0421,0.46,0.0,0.13,0.343,119.863,audio_features,6iPPdmzeNwINawWBp1Lukp,spotify:track:6iPPdmzeNwINawWBp1Lukp,https://api.spotify.com/v1/tracks/6iPPdmzeNwINawWBp1Lukp,https://api.spotify.com/v1/audio-analysis/6iPPdmzeNwINawWBp1Lukp,265173,3
13,0.54,0.871,10,-5.268,1,0.0469,0.0111,6.63e-06,0.361,0.301,103.012,audio_features,1K0QlBIhd5jZIRz83MbVYU,spotify:track:1K0QlBIhd5jZIRz83MbVYU,https://api.spotify.com/v1/tracks/1K0QlBIhd5jZIRz83MbVYU,https://api.spotify.com/v1/audio-analysis/1K0QlBIhd5jZIRz83MbVYU,379563,4
14,0.248,0.729,1,-4.707,0,0.0665,0.214,0.0,0.7,0.144,171.924,audio_features,0DTCdLczLgxt8EXrQFgnQV,spotify:track:0DTCdLczLgxt8EXrQFgnQV,https://api.spotify.com/v1/tracks/0DTCdLczLgxt8EXrQFgnQV,https://api.spotify.com/v1/audio-analysis/0DTCdLczLgxt8EXrQFgnQV,585080,4
15,0.654,0.871,7,-5.956,0,0.1,0.184,0.0,0.0937,0.533,94.972,audio_features,5BMwy2UVjreueieQa6eNDa,spotify:track:5BMwy2UVjreueieQa6eNDa,https://api.spotify.com/v1/tracks/5BMwy2UVjreueieQa6eNDa,https://api.spotify.com/v1/audio-analysis/5BMwy2UVjreueieQa6eNDa,299013,4
16,0.627,0.331,9,-12.206,1,0.0365,0.734,0.0,0.0944,0.28,114.998,audio_features,4b6MSXQouBFdZDTW9Jt3pu,spotify:track:4b6MSXQouBFdZDTW9Jt3pu,https://api.spotify.com/v1/tracks/4b6MSXQouBFdZDTW9Jt3pu,https://api.spotify.com/v1/audio-analysis/4b6MSXQouBFdZDTW9Jt3pu,215215,4
17,0.325,0.583,3,-7.099,1,0.0371,0.446,8.19e-06,0.403,0.155,140.056,audio_features,1Ewkl1ys052xqnnCGPssbv,spotify:track:1Ewkl1ys052xqnnCGPssbv,https://api.spotify.com/v1/tracks/1Ewkl1ys052xqnnCGPssbv,https://api.spotify.com/v1/audio-analysis/1Ewkl1ys052xqnnCGPssbv,344019,4
18,0.454,0.597,5,-6.908,1,0.0798,0.686,0.0,0.216,0.382,113.019,audio_features,6qCzqsSB1FLP3pr5fIrrAL,spotify:track:6qCzqsSB1FLP3pr5fIrrAL,https://api.spotify.com/v1/tracks/6qCzqsSB1FLP3pr5fIrrAL,https://api.spotify.com/v1/audio-analysis/6qCzqsSB1FLP3pr5fIrrAL,242893,4
19,0.655,0.954,1,-3.813,1,0.0888,0.0601,0.0,0.326,0.612,127.988,audio_features,3HFDqVk2aoM1o7MKARrW5U,spotify:track:3HFDqVk2aoM1o7MKARrW5U,https://api.spotify.com/v1/tracks/3HFDqVk2aoM1o7MKARrW5U,https://api.spotify.com/v1/audio-analysis/3HFDqVk2aoM1o7MKARrW5U,384013,4
20,0.522,0.625,2,-6.738,0,0.0322,0.0853,0.0,0.0786,0.199,103.075,audio_features,5Hfmsb1SeH4GP2qi6eGCO0,spotify:track:5Hfmsb1SeH4GP2qi6eGCO0,https://api.spotify.com/v1/tracks/5Hfmsb1SeH4GP2qi6eGCO0,https://api.spotify.com/v1/audio-analysis/5Hfmsb1SeH4GP2qi6eGCO0,220850,3
21,0.436,0.636,8,-5.065,1,0.0394,0.00914,0.0,0.137,0.272,93.594,audio_features,5RjS5iW0FWn1U4ZaWjhLlP,spotify:track:5RjS5iW0FWn1U4ZaWjhLlP,https://api.spotify.com/v1/tracks/5RjS5iW0FWn1U4ZaWjhLlP,https://api.spotify.com/v1/audio-analysis/5RjS5iW0FWn1U4ZaWjhLlP,506200,4
22,0.436,0.703,6,-6.403,1,0.0416,0.044,6.57e-06,0.195,0.263,125.992,audio_features,0eidZQA8WPrWcBRfj7YHCa,spotify:track:0eidZQA8WPrWcBRfj7YHCa,https://api.spotify.com/v1/tracks/0eidZQA8WPrWcBRfj7YHCa,https://api.spotify.com/v1/audio-analysis/0eidZQA8WPrWcBRfj7YHCa,458498,4
23,0.214,0.487,1,-8.455,1,0.0479,0.451,1.62e-05,0.393,0.194,81.36,audio_features,0GRRDzyfiF5dQU1ZpC4Ftk,spotify:track:0GRRDzyfiF5dQU1ZpC4Ftk,https://api.spotify.com/v1/tracks/0GRRDzyfiF5dQU1ZpC4Ftk,https://api.spotify.com/v1/audio-analysis/0GRRDzyfiF5dQU1ZpC4Ftk,423107,3
24,0.63,0.9,2,-5.548,1,0.232,0.106,0.0,0.331,0.769,165.923,audio_features,37PMWc1U9QTGRSh9cKzvDj,spotify:track:37PMWc1U9QTGRSh9cKzvDj,https://api.spotify.com/v1/tracks/37PMWc1U9QTGRSh9cKzvDj,https://api.spotify.com/v1/audio-analysis/37PMWc1U9QTGRSh9cKzvDj,257093,4
25,0.641,0.689,1,-5.938,0,0.155,0.268,0.0,0.185,0.806,91.805,audio_features,5id5AfCgYwoDU31iI1DhnY,spotify:track:5id5AfCgYwoDU31iI1DhnY,https://api.spotify.com/v1/tracks/5id5AfCgYwoDU31iI1DhnY,https://api.spotify.com/v1/audio-analysis/5id5AfCgYwoDU31iI1DhnY,246107,4
26,0.332,0.612,7,-4.897,0,0.126,0.127,0.0,0.169,0.171,192.174,audio_features,64hIlYHCreOzGCuzWsivXW,spotify:track:64hIlYHCreOzGCuzWsivXW,https://api.spotify.com/v1/tracks/64hIlYHCreOzGCuzWsivXW,https://api.spotify.com/v1/audio-analysis/64hIlYHCreOzGCuzWsivXW,292790,4
27,0.328,0.871,8,-4.596,1,0.123,0.0185,2.42e-06,0.922,0.271,167.021,audio_features,1f0ULNih5OLKZk6wcLnoVx,spotify:track:1f0ULNih5OLKZk6wcLnoVx,https://api.spotify.com/v1/tracks/1f0ULNih5OLKZk6wcLnoVx,https://api.spotify.com/v1/audio-analysis/1f0ULNih5OLKZk6wcLnoVx,434547,4
28,0.313,0.843,5,-4.868,1,0.302,0.0208,0.0,0.465,0.351,160.275,audio_features,29RRapHwQNANgAdwc6HuPE,spotify:track:29RRapHwQNANgAdwc6HuPE,https://api.spotify.com/v1/tracks/29RRapHwQNANgAdwc6HuPE,https://api.spotify.com/v1/audio-analysis/29RRapHwQNANgAdwc6HuPE,306427,3
29,0.573,0.898,0,-3.583,1,0.133,0.0427,0.0,0.15,0.539,125.745,audio_features,3GN2Y6iwlw1M7fhMHl60PI,spotify:track:3GN2Y6iwlw1M7fhMHl60PI,https://api.spotify.com/v1/tracks/3GN2Y6iwlw1M7fhMHl60PI,https://api.spotify.com/v1/audio-analysis/3GN2Y6iwlw1M7fhMHl60PI,223667,4
30,0.486,0.563,0,-6.492,1,0.0334,0.135,0.0,0.332,0.323,105.371,audio_features,6Oc3UJgFdqv7WDKgl3x5CI,spotify:track:6Oc3UJgFdqv7WDKgl3x5CI,https://api.spotify.com/v1/tracks/6Oc3UJgFdqv7WDKgl3x5CI,https://api.spotify.com/v1/audio-analysis/6Oc3UJgFdqv7WDKgl3x5CI,318187,4
31,0.5,0.602,9,-5.03,1,0.0286,0.081,0.0,0.34,0.24,116.136,audio_features,1yJQVmWI7KuCbVtG4jgysG,spotify:track:1yJQVmWI7KuCbVtG4jgysG,https://api.spotify.com/v1/tracks/1yJQVmWI7KuCbVtG4jgysG,https://api.spotify.com/v1/audio-analysis/1yJQVmWI7KuCbVtG4jgysG,383553,4
32,0.485,0.867,10,-4.937,0,0.224,0.0539,0.000208,0.127,0.845,85.55,audio_features,2GjOk5EmK3njFZPx0aXtm4,spotify:track:2GjOk5EmK3njFZPx0aXtm4,https://api.spotify.com/v1/tracks/2GjOk5EmK3njFZPx0aXtm4,https://api.spotify.com/v1/audio-analysis/2GjOk5EmK3njFZPx0aXtm4,175813,4
33,0.642,0.97,0,-2.253,1,0.0678,0.00915,0.0,0.476,0.516,104.975,audio_features,08MelkdJqbh68USUjAfr2T,spotify:track:08MelkdJqbh68USUjAfr2T,https://api.spotify.com/v1/tracks/08MelkdJqbh68USUjAfr2T,https://api.spotify.com/v1/audio-analysis/08MelkdJqbh68USUjAfr2T,384093,4
34,0.646,0.302,7,-8.825,1,0.0298,0.711,1.01e-05,0.166,0.402,118.009,audio_features,43w5n3xRMBOQll8xQBuO41,spotify:track:43w5n3xRMBOQll8xQBuO41,https://api.spotify.com/v1/tracks/43w5n3xRMBOQll8xQBuO41,https://api.spotify.com/v1/audio-analysis/43w5n3xRMBOQll8xQBuO41,227335,4
35,0.357,0.804,0,-4.313,1,0.0805,0.0808,0.0,0.33,0.322,84.807,audio_features,5nMWOR0iuCl0OJnHAtnj2T,spotify:track:5nMWOR0iuCl0OJnHAtnj2T,https://api.spotify.com/v1/tracks/5nMWOR0iuCl0OJnHAtnj2T,https://api.spotify.com/v1/audio-analysis/5nMWOR0iuCl0OJnHAtnj2T,259907,4
36,0.763,0.526,10,-7.201,0,0.0466,0.229,1.01e-05,0.0645,0.333,129.044,audio_features,6OtxcWnKrgxoFjcwV8WBBy,spotify:track:6OtxcWnKrgxoFjcwV8WBBy,https://api.spotify.com/v1/tracks/6OtxcWnKrgxoFjcwV8WBBy,https://api.spotify.com/v1/audio-analysis/6OtxcWnKrgxoFjcwV8WBBy,255787,4
37,0.447,0.635,0,-6.033,0,0.0445,0.514,0.0,0.684,0.237,119.285,audio_features,50CnlEH8KWLVNPxi29dnwb,spotify:track:50CnlEH8KWLVNPxi29dnwb,https://api.spotify.com/v1/tracks/50CnlEH8KWLVNPxi29dnwb,https://api.spotify.com/v1/audio-analysis/50CnlEH8KWLVNPxi29dnwb,376360,4
38,0.45,0.709,1,-6.451,1,0.0651,0.101,1.6e-05,0.432,0.419,155.821,audio_features,5nNZ8eGlitET1yeFHvizpI,spotify:track:5nNZ8eGlitET1yeFHvizpI,https://api.spotify.com/v1/tracks/5nNZ8eGlitET1yeFHvizpI,https://api.spotify.com/v1/audio-analysis/5nNZ8eGlitET1yeFHvizpI,323878,4
39,0.72,0.722,2,-4.462,0,0.192,0.182,0.0,0.254,0.293,102.132,audio_features,1SDaYLQD1C9twbdZYsNcbX,spotify:track:1SDaYLQD1C9twbdZYsNcbX,https://api.spotify.com/v1/tracks/1SDaYLQD1C9twbdZYsNcbX,https://api.spotify.com/v1/audio-analysis/1SDaYLQD1C9twbdZYsNcbX,320955,4
40,0.343,0.316,8,-10.43,1,0.0311,0.53,0.0,0.0784,0.0947,128.475,audio_features,1XGD06MU8Ds1O0J9mjo2yn,spotify:track:1XGD06MU8Ds1O0J9mjo2yn,https://api.spotify.com/v1/tracks/1XGD06MU8Ds1O0J9mjo2yn,https://api.spotify.com/v1/audio-analysis/1XGD06MU8Ds1O0J9mjo2yn,507893,4
41,0.344,0.822,6,-4.915,1,0.243,0.0249,0.0,0.117,0.413,89.409,audio_features,0RZfOr4ZxPJYOGqfhSQqoo,spotify:track:0RZfOr4ZxPJYOGqfhSQqoo,https://api.spotify.com/v1/tracks/0RZfOr4ZxPJYOGqfhSQqoo,https://api.spotify.com/v1/audio-analysis/0RZfOr4ZxPJYOGqfhSQqoo,295213,4
42,0.265,0.487,10,-5.495,1,0.0349,0.697,0.0,0.14,0.371,171.214,audio_features,08fVVLmIVyjN23nSuUVQc1,spotify:track:08fVVLmIVyjN23nSuUVQc1,https://api.spotify.com/v1/tracks/08fVVLmIVyjN23nSuUVQc1,https://api.spotify.com/v1/audio-analysis/08fVVLmIVyjN23nSuUVQc1,243613,3
43,0.556,0.843,1,-7.324,1,0.0555,0.0146,1.53e-05,0.784,0.403,112.935,audio_features,4KuFyYtKIizLOjfofjxZT8,spotify:track:4KuFyYtKIizLOjfofjxZT8,https://api.spotify.com/v1/tracks/4KuFyYtKIizLOjfofjxZT8,https://api.spotify.com/v1/audio-analysis/4KuFyYtKIizLOjfofjxZT8,408814,4
44,0.617,0.93,1,-4.565,0,0.151,0.0222,1.09e-05,0.295,0.329,124.083,audio_features,0q22YqinZnV4mehuz0QiU3,spotify:track:0q22YqinZnV4mehuz0QiU3,https://api.spotify.com/v1/tracks/0q22YqinZnV4mehuz0QiU3,https://api.spotify.com/v1/audio-analysis/0q22YqinZnV4mehuz0QiU3,273357,4
45,0.28,0.581,2,-4.831,1,0.0387,0.608,0.0,0.232,0.327,148.274,audio_features,1X2DFg7sUV1ajTbsJFJKqx,spotify:track:1X2DFg7sUV1ajTbsJFJKqx,https://api.spotify.com/v1/tracks/1X2DFg7sUV1ajTbsJFJKqx,https://api.spotify.com/v1/audio-analysis/1X2DFg7sUV1ajTbsJFJKqx,287674,3
46,0.484,0.73,5,-5.854,1,0.0997,0.0265,0.0,0.362,0.387,84.86,audio_features,17MqdngAFPDWcaSt9wkPQi,spotify:track:17MqdngAFPDWcaSt9wkPQi,https://api.spotify.com/v1/tracks/17MqdngAFPDWcaSt9wkPQi,https://api.spotify.com/v1/audio-analysis/17MqdngAFPDWcaSt9wkPQi,275581,4
47,0.906,0.798,8,-6.615,1,0.0716,0.0431,0.000847,0.0474,0.741,94.011,audio_features,2uqJYeTxahjp300qzVHBSP,spotify:track:2uqJYeTxahjp300qzVHBSP,https://api.spotify.com/v1/tracks/2uqJYeTxahjp300qzVHBSP,https://api.spotify.com/v1/audio-analysis/2uqJYeTxahjp300qzVHBSP,153853,4
48,0.286,0.761,5,-4.793,1,0.108,0.308,0.0,0.355,0.329,159.16,audio_features,075OkOIwlKjkMJxkfB36pt,spotify:track:075OkOIwlKjkMJxkfB36pt,https://api.spotify.com/v1/tracks/075OkOIwlKjkMJxkfB36pt,https://api.spotify.com/v1/audio-analysis/075OkOIwlKjkMJxkfB36pt,282827,4
49,0.584,0.927,10,-4.563,1,0.139,0.0161,0.00047,0.447,0.642,95.408,audio_features,29mZrqJI0XyyUvVMo2edpk,spotify:track:29mZrqJI0XyyUvVMo2edpk,https://api.spotify.com/v1/tracks/29mZrqJI0XyyUvVMo2edpk,https://api.spotify.com/v1/audio-analysis/29mZrqJI0XyyUvVMo2edpk,297653,4
50,0.385,0.698,1,-6.893,1,0.0857,0.0686,2.93e-06,0.65,0.357,79.285,audio_features,1Le6O6aIBN69wCWL1psmLR,spotify:track:1Le6O6aIBN69wCWL1psmLR,https://api.spotify.com/v1/tracks/1Le6O6aIBN69wCWL1psmLR,https://api.spotify.com/v1/audio-analysis/1Le6O6aIBN69wCWL1psmLR,469631,4
51,0.55,0.537,7,-9.271,1,0.138,0.254,0.0,0.112,0.219,90.151,audio_features,6MSy5Ecfb8mI5lwE3h1Pwh,spotify:track:6MSy5Ecfb8mI5lwE3h1Pwh,https://api.spotify.com/v1/tracks/6MSy5Ecfb8mI5lwE3h1Pwh,https://api.spotify.com/v1/audio-analysis/6MSy5Ecfb8mI5lwE3h1Pwh,290213,4
52,0.643,0.811,6,-5.718,0,0.115,0.126,0.0,0.882,0.747,92.327,audio_features,06PTBb12MxQdtgyFIawUOK,spotify:track:06PTBb12MxQdtgyFIawUOK,https://api.spotify.com/v1/tracks/06PTBb12MxQdtgyFIawUOK,https://api.spotify.com/v1/audio-analysis/06PTBb12MxQdtgyFIawUOK,225400,4
53,0.655,0.491,8,-6.982,1,0.21,0.603,0.0,0.49,0.835,178.062,audio_features,07l6dBNEcArYKT1huIzCmV,spotify:track:07l6dBNEcArYKT1huIzCmV,https://api.spotify.com/v1/tracks/07l6dBNEcArYKT1huIzCmV,https://api.spotify.com/v1/audio-analysis/07l6dBNEcArYKT1huIzCmV,345625,4
54,0.334,0.704,11,-5.991,1,0.0857,0.151,0.0,0.109,0.2,83.999,audio_features,6DcJwlUVG4U9mF0IfQJzMK,spotify:track:6DcJwlUVG4U9mF0IfQJzMK,https://api.spotify.com/v1/tracks/6DcJwlUVG4U9mF0IfQJzMK,https://api.spotify.com/v1/audio-analysis/6DcJwlUVG4U9mF0IfQJzMK,260120,4
55,0.363,0.833,7,-3.81,1,0.167,0.181,0.0,0.361,0.567,78.364,audio_features,0EaPrUg8xS77fedbknCF1t,spotify:track:0EaPrUg8xS77fedbknCF1t,https://api.spotify.com/v1/tracks/0EaPrUg8xS77fedbknCF1t,https://api.spotify.com/v1/audio-analysis/0EaPrUg8xS77fedbknCF1t,254120,3
56,0.48,0.731,8,-5.918,1,0.0965,0.362,0.000309,0.201,0.432,140.028,audio_features,67UQCLTcle3v4kpJ82xT0b,spotify:track:67UQCLTcle3v4kpJ82xT0b,https://api.spotify.com/v1/tracks/67UQCLTcle3v4kpJ82xT0b,https://api.spotify.com/v1/audio-analysis/67UQCLTcle3v4kpJ82xT0b,283587,4
57,0.529,0.9,1,-3.503,1,0.418,0.000248,1.21e-05,0.0426,0.434,180.291,audio_features,2QpGZOhTCHHiKmpSO9FW4h,spotify:track:2QpGZOhTCHHiKmpSO9FW4h,https://api.spotify.com/v1/tracks/2QpGZOhTCHHiKmpSO9FW4h,https://api.spotify.com/v1/audio-analysis/2QpGZOhTCHHiKmpSO9FW4h,104591,4
58,0.611,0.476,7,-5.411,1,0.0435,0.0299,0.0,0.482,0.401,87.971,audio_features,2WcoghZRp1nUDnKyBhbcL7,spotify:track:2WcoghZRp1nUDnKyBhbcL7,https://api.spotify.com/v1/tracks/2WcoghZRp1nUDnKyBhbcL7,https://api.spotify.com/v1/audio-analysis/2WcoghZRp1nUDnKyBhbcL7,238807,4
59,0.293,0.46,7,-6.992,1,0.0335,0.14,0.0,0.0779,0.191,97.635,audio_features,0Dlm41iXvTsIVsEOce3yX6,spotify:track:0Dlm41iXvTsIVsEOce3yX6,https://api.spotify.com/v1/tracks/0Dlm41iXvTsIVsEOce3yX6,https://api.spotify.com/v1/audio-analysis/0Dlm41iXvTsIVsEOce3yX6,480547,3
60,0.57,0.67,7,-5.226,1,0.142,0.241,0.0,0.173,0.482,166.088,audio_features,6YTEkNRNFCIyfrcj8ODgSR,spotify:track:6YTEkNRNFCIyfrcj8ODgSR,https://api.spotify.com/v1/tracks/6YTEkNRNFCIyfrcj8ODgSR,https://api.spotify.com/v1/audio-analysis/6YTEkNRNFCIyfrcj8ODgSR,175673,4
61,0.612,0.644,11,-5.552,1,0.0436,0.306,0.0,0.184,0.385,143.969,audio_features,5umAb9Gg1zeVqmmk2OF74e,spotify:track:5umAb9Gg1zeVqmmk2OF74e,https://api.spotify.com/v1/tracks/5umAb9Gg1zeVqmmk2OF74e,https://api.spotify.com/v1/audio-analysis/5umAb9Gg1zeVqmmk2OF74e,257541,4
62,0.461,0.413,6,-6.914,1,0.0327,0.197,2.25e-06,0.312,0.351,115.568,audio_features,6fG46PUotZMTgcAzAtFLOk,spotify:track:6fG46PUotZMTgcAzAtFLOk,https://api.spotify.com/v1/tracks/6fG46PUotZMTgcAzAtFLOk,https://api.spotify.com/v1/audio-analysis/6fG46PUotZMTgcAzAtFLOk,287573,4
63,0.627,0.579,10,-6.538,1,0.0261,0.147,0.0,0.109,0.214,99.029,audio_features,2pSRfBvmghCZwMY4B8SuR8,spotify:track:2pSRfBvmghCZwMY4B8SuR8,https://api.spotify.com/v1/tracks/2pSRfBvmghCZwMY4B8SuR8,https://api.spotify.com/v1/audio-analysis/2pSRfBvmghCZwMY4B8SuR8,287582,4
64,0.377,0.481,6,-8.371,1,0.0341,0.288,0.0,0.14,0.346,99.989,audio_features,0ZRBDUFUIfvWLeuQCGViey,spotify:track:0ZRBDUFUIfvWLeuQCGViey,https://api.spotify.com/v1/tracks/0ZRBDUFUIfvWLeuQCGViey,https://api.spotify.com/v1/audio-analysis/0ZRBDUFUIfvWLeuQCGViey,312255,4
65,0.135,0.372,4,-8.236,1,0.0363,0.0553,3.67e-06,0.0927,0.0393,80.906,audio_features,7EUlEyzUy67G8DpG8YX5E9,spotify:track:7EUlEyzUy67G8DpG8YX5E9,https://api.spotify.com/v1/tracks/7EUlEyzUy67G8DpG8YX5E9,https://api.spotify.com/v1/audio-analysis/7EUlEyzUy67G8DpG8YX5E9,305385,4
66,0.241,0.445,8,-10.443,1,0.0386,0.694,0.0,0.0842,0.205,78.448,audio_features,4OK1XrubP6GJs4f6czk8Jg,spotify:track:4OK1XrubP6GJs4f6czk8Jg,https://api.spotify.com/v1/tracks/4OK1XrubP6GJs4f6czk8Jg,https://api.spotify.com/v1/audio-analysis/4OK1XrubP6GJs4f6czk8Jg,306533,4
67,0.332,0.361,7,-10.706,1,0.0588,0.506,0.0,0.126,0.284,159.199,audio_features,02NZz5Gk2PJnzQ0p4CepfG,spotify:track:02NZz5Gk2PJnzQ0p4CepfG,https://api.spotify.com/v1/tracks/02NZz5Gk2PJnzQ0p4CepfG,https://api.spotify.com/v1/audio-analysis/02NZz5Gk2PJnzQ0p4CepfG,238416,4
68,0.352,0.79,8,-4.27,1,0.0702,0.133,0.0,0.119,0.223,126.603,audio_features,719l9b2QzAejHepSi8vK5a,spotify:track:719l9b2QzAejHepSi8vK5a,https://api.spotify.com/v1/tracks/719l9b2QzAejHepSi8vK5a,https://api.spotify.com/v1/audio-analysis/719l9b2QzAejHepSi8vK5a,402844,4
69,0.386,0.454,7,-7.676,1,0.0336,0.0742,0.0,0.114,0.0439,166.049,audio_features,2AtN8giNazyxa38yYEjziq,spotify:track:2AtN8giNazyxa38yYEjziq,https://api.spotify.com/v1/tracks/2AtN8giNazyxa38yYEjziq,https://api.spotify.com/v1/audio-analysis/2AtN8giNazyxa38yYEjziq,330361,4
70,0.894,0.416,9,-6.823,0,0.0538,0.312,0.0,0.146,0.463,116.96,audio_features,24bnCCysWnbNRNUT4LpHcP,spotify:track:24bnCCysWnbNRNUT4LpHcP,https://api.spotify.com/v1/tracks/24bnCCysWnbNRNUT4LpHcP,https://api.spotify.com/v1/audio-analysis/24bnCCysWnbNRNUT4LpHcP,116560,4
71,0.745,0.753,1,-2.408,1,0.164,0.223,0.0,0.705,0.589,144.057,audio_features,0UQDSP8cz6WmLJckO5jqUQ,spotify:track:0UQDSP8cz6WmLJckO5jqUQ,https://api.spotify.com/v1/tracks/0UQDSP8cz6WmLJckO5jqUQ,https://api.spotify.com/v1/audio-analysis/0UQDSP8cz6WmLJckO5jqUQ,307973,4
72,0.279,0.557,2,-6.452,1,0.0466,0.141,0.000382,0.23,0.254,70.529,audio_features,72Jvo2MRYBtLhX8o8OT8NP,spotify:track:72Jvo2MRYBtLhX8o8OT8NP,https://api.spotify.com/v1/tracks/72Jvo2MRYBtLhX8o8OT8NP,https://api.spotify.com/v1/audio-analysis/72Jvo2MRYBtLhX8o8OT8NP,213304,4
73,0.77,0.837,4,-5.397,0,0.0353,0.0806,0.0,0.0932,0.663,113.01,audio_features,0bBRxNYXpByJrOjn8XWrDK,spotify:track:0bBRxNYXpByJrOjn8XWrDK,https://api.spotify.com/v1/tracks/0bBRxNYXpByJrOjn8XWrDK,https://api.spotify.com/v1/audio-analysis/0bBRxNYXpByJrOjn8XWrDK,244376,4
74,0.752,0.516,4,-6.215,0,0.0433,0.136,0.0,0.0901,0.466,139.948,audio_features,7cINdGUQasjHOzCQ7jmHaf,spotify:track:7cINdGUQasjHOzCQ7jmHaf,https://api.spotify.com/v1/tracks/7cINdGUQasjHOzCQ7jmHaf,https://api.spotify.com/v1/audio-analysis/7cINdGUQasjHOzCQ7jmHaf,196199,4
75,0.57,0.66,1,-6.861,1,0.0537,0.000394,0.0688,0.111,0.401,188.08,audio_features,0dMTfknRqDwgdg65L1aQkW,spotify:track:0dMTfknRqDwgdg65L1aQkW,https://api.spotify.com/v1/tracks/0dMTfknRqDwgdg65L1aQkW,https://api.spotify.com/v1/audio-analysis/0dMTfknRqDwgdg65L1aQkW,188879,4
76,0.334,0.483,2,-7.812,1,0.0449,0.222,0.0,0.358,0.164,130.133,audio_features,4I18mAp2Bs78HM5txOetTu,spotify:track:4I18mAp2Bs78HM5txOetTu,https://api.spotify.com/v1/tracks/4I18mAp2Bs78HM5txOetTu,https://api.spotify.com/v1/audio-analysis/4I18mAp2Bs78HM5txOetTu,255974,3
77,0.599,0.49,7,-9.1,1,0.336,0.471,0.000272,0.0921,0.448,90.363,audio_features,3TzzlzkgTsUcZaxE8Bpvs4,spotify:track:3TzzlzkgTsUcZaxE8Bpvs4,https://api.spotify.com/v1/tracks/3TzzlzkgTsUcZaxE8Bpvs4,https://api.spotify.com/v1/audio-analysis/3TzzlzkgTsUcZaxE8Bpvs4,269253,4
78,0.671,0.423,0,-9.992,0,0.0749,0.185,0.000255,0.0987,0.409,155.941,audio_features,6Almh4ZE76eK2GJ6iU1heS,spotify:track:6Almh4ZE76eK2GJ6iU1heS,https://api.spotify.com/v1/tracks/6Almh4ZE76eK2GJ6iU1heS,https://api.spotify.com/v1/audio-analysis/6Almh4ZE76eK2GJ6iU1heS,275583,4
79,0.46,0.51,0,-7.814,1,0.0571,0.487,0.0,0.318,0.235,185.765,audio_features,2LDslUaUIvhF0eJPLqKqzM,spotify:track:2LDslUaUIvhF0eJPLqKqzM,https://api.spotify.com/v1/tracks/2LDslUaUIvhF0eJPLqKqzM,https://api.spotify.com/v1/audio-analysis/2LDslUaUIvhF0eJPLqKqzM,236769,3
80,0.826,0.524,8,-5.559,0,0.109,0.282,0.0,0.098,0.284,110.041,audio_features,0ErItBOhcHJahcQ8BGqk4V,spotify:track:0ErItBOhcHJahcQ8BGqk4V,https://api.spotify.com/v1/tracks/0ErItBOhcHJahcQ8BGqk4V,https://api.spotify.com/v1/audio-analysis/0ErItBOhcHJahcQ8BGqk4V,214973,4
81,0.387,0.44,4,-9.004,1,0.0527,0.552,0.0,0.424,0.251,58.609,audio_features,6zInpHEffjHD52DvQJlbZH,spotify:track:6zInpHEffjHD52DvQJlbZH,https://api.spotify.com/v1/tracks/6zInpHEffjHD52DvQJlbZH,https://api.spotify.com/v1/audio-analysis/6zInpHEffjHD52DvQJlbZH,248898,5
82,0.539,0.471,11,-6.998,1,0.0288,0.0446,4.73e-06,0.0798,0.15,112.071,audio_features,0YLGHddv8EaZMcSxNy3Epf,spotify:track:0YLGHddv8EaZMcSxNy3Epf,https://api.spotify.com/v1/tracks/0YLGHddv8EaZMcSxNy3Epf,https://api.spotify.com/v1/audio-analysis/0YLGHddv8EaZMcSxNy3Epf,245002,4
83,0.5,0.583,6,-7.152,0,0.113,0.291,0.0,0.836,0.297,63.452,audio_features,2l9eCf2lPgWgmrlzU0OL4J,spotify:track:2l9eCf2lPgWgmrlzU0OL4J,https://api.spotify.com/v1/tracks/2l9eCf2lPgWgmrlzU0OL4J,https://api.spotify.com/v1/audio-analysis/2l9eCf2lPgWgmrlzU0OL4J,314787,4
84,0.3,0.652,5,-5.265,1,0.0647,0.0387,0.0,0.309,0.413,181.52,audio_features,52qISlDUXzdVYEGbYwIwmu,spotify:track:52qISlDUXzdVYEGbYwIwmu,https://api.spotify.com/v1/tracks/52qISlDUXzdVYEGbYwIwmu,https://api.spotify.com/v1/audio-analysis/52qISlDUXzdVYEGbYwIwmu,223305,3
85,0.516,0.824,8,-4.926,1,0.234,0.429,0.0,0.302,0.519,171.936,audio_features,5JeyFJ3TolCPWQq2BX0Gnt,spotify:track:5JeyFJ3TolCPWQq2BX0Gnt,https://api.spotify.com/v1/tracks/5JeyFJ3TolCPWQq2BX0Gnt,https://api.spotify.com/v1/audio-analysis/5JeyFJ3TolCPWQq2BX0Gnt,328693,4
86,0.804,0.649,1,-4.429,1,0.0857,0.0859,0.0,0.112,0.906,91.067,audio_features,5Gfp6euoNJPw5AvSpGZSRZ,spotify:track:5Gfp6euoNJPw5AvSpGZSRZ,https://api.spotify.com/v1/tracks/5Gfp6euoNJPw5AvSpGZSRZ,https://api.spotify.com/v1/audio-analysis/5Gfp6euoNJPw5AvSpGZSRZ,378200,4
87,0.424,0.679,2,-7.565,1,0.111,0.0355,0.00154,0.0848,0.362,179.641,audio_features,1diaL1NPUYPJEYAASgbHvm,spotify:track:1diaL1NPUYPJEYAASgbHvm,https://api.spotify.com/v1/tracks/1diaL1NPUYPJEYAASgbHvm,https://api.spotify.com/v1/audio-analysis/1diaL1NPUYPJEYAASgbHvm,300947,3
88,0.402,0.404,1,-8.596,1,0.0279,0.66,0.0,0.477,0.354,96.074,audio_features,0N89jrNzz8NCinJrAGpLL0,spotify:track:0N89jrNzz8NCinJrAGpLL0,https://api.spotify.com/v1/tracks/0N89jrNzz8NCinJrAGpLL0,https://api.spotify.com/v1/audio-analysis/0N89jrNzz8NCinJrAGpLL0,133932,4
89,0.264,0.779,6,-6.427,1,0.0786,0.0491,0.0,0.275,0.518,139.657,audio_features,7HcC0Esl4nP2h328Oo6fxp,spotify:track:7HcC0Esl4nP2h328Oo6fxp,https://api.spotify.com/v1/tracks/7HcC0Esl4nP2h328Oo6fxp,https://api.spotify.com/v1/audio-analysis/7HcC0Esl4nP2h328Oo6fxp,243914,4
90,0.44,0.566,9,-9.447,1,0.198,0.713,0.0,0.149,0.176,104.062,audio_features,3YvowTNYeBaSrXSQYOMVoA,spotify:track:3YvowTNYeBaSrXSQYOMVoA,https://api.spotify.com/v1/tracks/3YvowTNYeBaSrXSQYOMVoA,https://api.spotify.com/v1/audio-analysis/3YvowTNYeBaSrXSQYOMVoA,204000,4
91,0.732,0.351,8,-8.916,1,0.0429,0.28,0.0,0.5,0.415,115.877,audio_features,5xxnE0Nm5v3L9tekNEWpCg,spotify:track:5xxnE0Nm5v3L9tekNEWpCg,https://api.spotify.com/v1/tracks/5xxnE0Nm5v3L9tekNEWpCg,https://api.spotify.com/v1/audio-analysis/5xxnE0Nm5v3L9tekNEWpCg,297960,4
92,0.566,0.63,0,-10.907,1,0.0521,0.292,0.0067,0.073,0.0385,95.047,audio_features,3y1Jk2BQKD35Joj9nUYJUs,spotify:track:3y1Jk2BQKD35Joj9nUYJUs,https://api.spotify.com/v1/tracks/3y1Jk2BQKD35Joj9nUYJUs,https://api.spotify.com/v1/audio-analysis/3y1Jk2BQKD35Joj9nUYJUs,183361,4
93,0.584,0.639,1,-6.435,1,0.0416,0.0407,0.0,0.116,0.192,100.979,audio_features,3a2IeI4oRCoV3XKbaUlFld,spotify:track:3a2IeI4oRCoV3XKbaUlFld,https://api.spotify.com/v1/tracks/3a2IeI4oRCoV3XKbaUlFld,https://api.spotify.com/v1/audio-analysis/3a2IeI4oRCoV3XKbaUlFld,233773,4
94,0.617,0.232,0,-9.379,0,0.0335,0.723,0.0,0.272,0.237,95.016,audio_features,49CZKgzSP8FWnJAD2JFnqi,spotify:track:49CZKgzSP8FWnJAD2JFnqi,https://api.spotify.com/v1/tracks/49CZKgzSP8FWnJAD2JFnqi,https://api.spotify.com/v1/audio-analysis/49CZKgzSP8FWnJAD2JFnqi,158858,3
95,0.304,0.389,7,-7.066,1,0.031,0.895,0.000114,0.161,0.171,144.77,audio_features,2qed37ywokdYDW8G2pplnB,spotify:track:2qed37ywokdYDW8G2pplnB,https://api.spotify.com/v1/tracks/2qed37ywokdYDW8G2pplnB,https://api.spotify.com/v1/audio-analysis/2qed37ywokdYDW8G2pplnB,288000,4
96,0.737,0.553,9,-6.311,1,0.0435,0.0871,1.08e-06,0.0618,0.624,140.022,audio_features,2vUZuWQ4FWdbZOG8saKYU5,spotify:track:2vUZuWQ4FWdbZOG8saKYU5,https://api.spotify.com/v1/tracks/2vUZuWQ4FWdbZOG8saKYU5,https://api.spotify.com/v1/audio-analysis/2vUZuWQ4FWdbZOG8saKYU5,213550,4
97,0.694,0.797,6,-5.227,0,0.0552,0.102,0.0,0.315,0.589,143.994,audio_features,3Ip6WxMxDVMBQoAI7EsPNl,spotify:track:3Ip6WxMxDVMBQoAI7EsPNl,https://api.spotify.com/v1/tracks/3Ip6WxMxDVMBQoAI7EsPNl,https://api.spotify.com/v1/audio-analysis/3Ip6WxMxDVMBQoAI7EsPNl,191191,4
98,0.531,0.644,0,-6.676,1,0.0586,0.111,0.0,0.268,0.499,91.986,audio_features,3QAy8eYisErx2nDBVzcpuG,spotify:track:3QAy8eYisErx2nDBVzcpuG,https://api.spotify.com/v1/tracks/3QAy8eYisErx2nDBVzcpuG,https://api.spotify.com/v1/audio-analysis/3QAy8eYisErx2nDBVzcpuG,331596,4
99,0.304,0.454,7,-8.535,1,0.0688,0.648,0.0,0.109,0.325,80.972,audio_features,48pXN87NxcJPVPzaYwDjLd,spotify:track:48pXN87NxcJPVPzaYwDjLd,https://api.spotify.com/v1/tracks/48pXN87NxcJPVPzaYwDjLd,https://api.spotify.com/v1/audio-analysis/48pXN87NxcJPVPzaYwDjLd,330360,4
